{
    "average_latency": 0.02433396816253662,
    "max_latency": 0.0992269515991211,
    "error_rate": 0.0
}