{
    "response_time": 0.01765258550643921,
    "latency": 16.869781017303467,
    "error_rate": 0.0,
    "query_time": 0.003181171417236328
}