{
    "response_time": 0.05921433925628662,
    "latency": 54.451255798339844,
    "error_rate": 0.0,
    "query_time": 0.002711200714111328
}