{
    "response_time": 0.01725116729736328,
    "latency": 17.10756540298462,
    "error_rate": 0.0,
    "query_time": 0.001806354522705078
}